,Region Code,Region,Year,Series,Percentage,Footnotes,Source,ISO,ISO_num
5,18,Southern Africa,2020,Percentage of individuals using the internet,68.5,,"International Telecommunication Union (ITU), Geneva, the ITU database, last accessed March 2023.",ZAF,710
12,57,Micronesia,2020,Percentage of individuals using the internet,40.1,,"International Telecommunication Union (ITU), Geneva, the ITU database, last accessed March 2023.",FSM,583
18,4,Afghanistan,2020,Percentage of individuals using the internet,18.4,Estimate.,"International Telecommunication Union (ITU), Geneva, the ITU database, last accessed March 2023.",AFG,004
24,8,Albania,2020,Percentage of individuals using the internet,72.2,Users in the last 3 months.,"International Telecommunication Union (ITU), Geneva, the ITU database, last accessed March 2023.",ALB,008
31,12,Algeria,2020,Percentage of individuals using the internet,64.0,Estimate.,"International Telecommunication Union (ITU), Geneva, the ITU database, last accessed March 2023.",DZA,012
38,20,Andorra,2020,Percentage of individuals using the internet,93.2,Estimate.,"International Telecommunication Union (ITU), Geneva, the ITU database, last accessed March 2023.",AND,020
45,24,Angola,2020,Percentage of individuals using the internet,32.6,Estimate.,"International Telecommunication Union (ITU), Geneva, the ITU database, last accessed March 2023.",AGO,024
56,28,Antigua and Barbuda,2020,Percentage of individuals using the internet,95.7,Estimate.,"International Telecommunication Union (ITU), Geneva, the ITU database, last accessed March 2023.",ATG,028
63,32,Argentina,2020,Percentage of individuals using the internet,85.5,,"International Telecommunication Union (ITU), Geneva, the ITU database, last accessed March 2023.",ARG,032
70,51,Armenia,2020,Percentage of individuals using the internet,76.5,,"International Telecommunication Union (ITU), Geneva, the ITU database, last accessed March 2023.",ARM,051
81,36,Australia,2020,Percentage of individuals using the internet,96.4,Estimate.,"International Telecommunication Union (ITU), Geneva, the ITU database, last accessed March 2023.",AUS,036
88,40,Austria,2020,Percentage of individuals using the internet,87.5,Users in the last 3 months.,"International Telecommunication Union (ITU), Geneva, the ITU database, last accessed March 2023.",AUT,040
95,31,Azerbaijan,2020,Percentage of individuals using the internet,84.6,,"International Telecommunication Union (ITU), Geneva, the ITU database, last accessed March 2023.",AZE,031
102,44,Bahamas,2020,Percentage of individuals using the internet,92.5,Estimate.,"International Telecommunication Union (ITU), Geneva, the ITU database, last accessed March 2023.",BHS,044
109,48,Bahrain,2020,Percentage of individuals using the internet,99.7,Estimate.,"International Telecommunication Union (ITU), Geneva, the ITU database, last accessed March 2023.",BHR,048
116,50,Bangladesh,2020,Percentage of individuals using the internet,32.9,Estimate.,"International Telecommunication Union (ITU), Geneva, the ITU database, last accessed March 2023.",BGD,050
123,52,Barbados,2020,Percentage of individuals using the internet,82.5,Estimate.,"International Telecommunication Union (ITU), Geneva, the ITU database, last accessed March 2023.",BRB,052
129,112,Belarus,2020,Percentage of individuals using the internet,85.1,Users in the last 12 months.;Population aged 6 to 72 years.,"International Telecommunication Union (ITU), Geneva, the ITU database, last accessed March 2023.",BLR,112
136,56,Belgium,2020,Percentage of individuals using the internet,91.5,,"International Telecommunication Union (ITU), Geneva, the ITU database, last accessed March 2023.",BEL,056
143,84,Belize,2020,Percentage of individuals using the internet,59.5,Estimate.,"International Telecommunication Union (ITU), Geneva, the ITU database, last accessed March 2023.",BLZ,084
150,204,Benin,2020,Percentage of individuals using the internet,28.2,Estimate.,"International Telecommunication Union (ITU), Geneva, the ITU database, last accessed March 2023.",BEN,204
161,64,Bhutan,2020,Percentage of individuals using the internet,79.9,Estimate.,"International Telecommunication Union (ITU), Geneva, the ITU database, last accessed March 2023.",BTN,064
168,68,Bolivia (Plurin. State of),2020,Percentage of individuals using the internet,59.9,,"International Telecommunication Union (ITU), Geneva, the ITU database, last accessed March 2023.",BOL,068
175,70,Bosnia and Herzegovina,2020,Percentage of individuals using the internet,73.2,,"International Telecommunication Union (ITU), Geneva, the ITU database, last accessed March 2023.",BIH,070
182,72,Botswana,2020,Percentage of individuals using the internet,72.7,Estimate.,"International Telecommunication Union (ITU), Geneva, the ITU database, last accessed March 2023.",BWA,072
189,76,Brazil,2020,Percentage of individuals using the internet,81.3,,"International Telecommunication Union (ITU), Geneva, the ITU database, last accessed March 2023.",BRA,076
197,96,Brunei Darussalam,2020,Percentage of individuals using the internet,96.1,Estimate.,"International Telecommunication Union (ITU), Geneva, the ITU database, last accessed March 2023.",BRN,096
204,100,Bulgaria,2020,Percentage of individuals using the internet,70.2,,"International Telecommunication Union (ITU), Geneva, the ITU database, last accessed March 2023.",BGR,100
211,854,Burkina Faso,2020,Percentage of individuals using the internet,13.9,Estimate.,"International Telecommunication Union (ITU), Geneva, the ITU database, last accessed March 2023.",BFA,854
218,108,Burundi,2020,Percentage of individuals using the internet,3.8,Estimate.,"International Telecommunication Union (ITU), Geneva, the ITU database, last accessed March 2023.",BDI,108
225,132,Cabo Verde,2020,Percentage of individuals using the internet,63.2,Estimate.,"International Telecommunication Union (ITU), Geneva, the ITU database, last accessed March 2023.",CPV,132
232,116,Cambodia,2020,Percentage of individuals using the internet,53.7,Estimate.,"International Telecommunication Union (ITU), Geneva, the ITU database, last accessed March 2023.",KHM,116
239,120,Cameroon,2020,Percentage of individuals using the internet,45.5,Estimate.,"International Telecommunication Union (ITU), Geneva, the ITU database, last accessed March 2023.",CMR,120
246,124,Canada,2020,Percentage of individuals using the internet,92.3,,"International Telecommunication Union (ITU), Geneva, the ITU database, last accessed March 2023.",CAN,124
256,140,Central African Republic,2020,Percentage of individuals using the internet,8.6,Estimate.,"International Telecommunication Union (ITU), Geneva, the ITU database, last accessed March 2023.",CAF,140
263,148,Chad,2020,Percentage of individuals using the internet,11.7,Estimate.,"International Telecommunication Union (ITU), Geneva, the ITU database, last accessed March 2023.",TCD,148
270,152,Chile,2020,Percentage of individuals using the internet,86.4,Estimate.,"International Telecommunication Union (ITU), Geneva, the ITU database, last accessed March 2023.",CHL,152
277,156,China,2020,Percentage of individuals using the internet,70.1,"For statistical purposes, the data for China do not include those for the Hong Kong Special Administrative Region (Hong Kong SAR), Macao Special Administrative Region (Macao SAR) and Taiwan Province of China.","International Telecommunication Union (ITU), Geneva, the ITU database, last accessed March 2023.",CHN,156
284,344,"China, Hong Kong SAR",2020,Percentage of individuals using the internet,92.4,Population aged 10 years and over.;Users in the last 12 months.,"International Telecommunication Union (ITU), Geneva, the ITU database, last accessed March 2023.",HKG,344
291,446,"China, Macao SAR",2020,Percentage of individuals using the internet,88.3,Estimate.,"International Telecommunication Union (ITU), Geneva, the ITU database, last accessed March 2023.",MAC,446
298,170,Colombia,2020,Percentage of individuals using the internet,70.9,Population aged 5 years and over.,"International Telecommunication Union (ITU), Geneva, the ITU database, last accessed March 2023.",COL,170
305,174,Comoros,2020,Percentage of individuals using the internet,21.2,Estimate.,"International Telecommunication Union (ITU), Geneva, the ITU database, last accessed March 2023.",COM,174
320,188,Costa Rica,2020,Percentage of individuals using the internet,80.5,,"International Telecommunication Union (ITU), Geneva, the ITU database, last accessed March 2023.",CRI,188
327,384,Côte dIvoire,2020,Percentage of individuals using the internet,41.4,Estimate.,"International Telecommunication Union (ITU), Geneva, the ITU database, last accessed March 2023.",CIV,384
334,191,Croatia,2020,Percentage of individuals using the internet,78.3,,"International Telecommunication Union (ITU), Geneva, the ITU database, last accessed March 2023.",HRV,191
341,192,Cuba,2020,Percentage of individuals using the internet,71.1,,"International Telecommunication Union (ITU), Geneva, the ITU database, last accessed March 2023.",CUB,192
348,196,Cyprus,2020,Percentage of individuals using the internet,90.8,Use of the internet during the first quarter of the year.,"International Telecommunication Union (ITU), Geneva, the ITU database, last accessed March 2023.",CYP,196
355,203,Czechia,2020,Percentage of individuals using the internet,81.3,,"International Telecommunication Union (ITU), Geneva, the ITU database, last accessed March 2023.",CZE,203
365,180,Dem. Rep. of the Congo,2020,Percentage of individuals using the internet,22.9,Estimate.,"International Telecommunication Union (ITU), Geneva, the ITU database, last accessed March 2023.",COD,180
372,208,Denmark,2020,Percentage of individuals using the internet,96.5,,"International Telecommunication Union (ITU), Geneva, the ITU database, last accessed March 2023.",DNK,208
379,262,Djibouti,2020,Percentage of individuals using the internet,61.3,Estimate.,"International Telecommunication Union (ITU), Geneva, the ITU database, last accessed March 2023.",DJI,262
386,212,Dominica,2020,Percentage of individuals using the internet,77.1,Estimate.,"International Telecommunication Union (ITU), Geneva, the ITU database, last accessed March 2023.",DMA,212
393,214,Dominican Republic,2020,Percentage of individuals using the internet,82.2,Estimate.,"International Telecommunication Union (ITU), Geneva, the ITU database, last accessed March 2023.",DOM,214
400,218,Ecuador,2020,Percentage of individuals using the internet,70.7,,"International Telecommunication Union (ITU), Geneva, the ITU database, last accessed March 2023.",ECU,218
407,818,Egypt,2020,Percentage of individuals using the internet,71.9,,"International Telecommunication Union (ITU), Geneva, the ITU database, last accessed March 2023.",EGY,818
414,222,El Salvador,2020,Percentage of individuals using the internet,54.6,,"International Telecommunication Union (ITU), Geneva, the ITU database, last accessed March 2023.",SLV,222
421,226,Equatorial Guinea,2020,Percentage of individuals using the internet,53.8,Estimate.,"International Telecommunication Union (ITU), Geneva, the ITU database, last accessed March 2023.",GNQ,226
427,232,Eritrea,2020,Percentage of individuals using the internet,14.2,Estimate.,"International Telecommunication Union (ITU), Geneva, the ITU database, last accessed March 2023.",ERI,232
434,233,Estonia,2020,Percentage of individuals using the internet,89.1,,"International Telecommunication Union (ITU), Geneva, the ITU database, last accessed March 2023.",EST,233
441,748,Eswatini,2020,Percentage of individuals using the internet,56.4,Estimate.,"International Telecommunication Union (ITU), Geneva, the ITU database, last accessed March 2023.",SWZ,748
448,231,Ethiopia,2020,Percentage of individuals using the internet,16.4,Estimate.,"International Telecommunication Union (ITU), Geneva, the ITU database, last accessed March 2023.",ETH,231
463,242,Fiji,2020,Percentage of individuals using the internet,84.9,Estimate.,"International Telecommunication Union (ITU), Geneva, the ITU database, last accessed March 2023.",FJI,242
470,246,Finland,2020,Percentage of individuals using the internet,92.2,,"International Telecommunication Union (ITU), Geneva, the ITU database, last accessed March 2023.",FIN,246
477,250,France,2020,Percentage of individuals using the internet,84.7,Estimate.,"International Telecommunication Union (ITU), Geneva, the ITU database, last accessed March 2023.",FRA,250
490,266,Gabon,2020,Percentage of individuals using the internet,70.8,Estimate.,"International Telecommunication Union (ITU), Geneva, the ITU database, last accessed March 2023.",GAB,266
497,270,Gambia,2020,Percentage of individuals using the internet,31.6,Estimate.,"International Telecommunication Union (ITU), Geneva, the ITU database, last accessed March 2023.",GMB,270
504,268,Georgia,2020,Percentage of individuals using the internet,72.5,,"International Telecommunication Union (ITU), Geneva, the ITU database, last accessed March 2023.",GEO,268
511,276,Germany,2020,Percentage of individuals using the internet,89.8,,"International Telecommunication Union (ITU), Geneva, the ITU database, last accessed March 2023.",DEU,276
518,288,Ghana,2020,Percentage of individuals using the internet,56.7,Estimate.,"International Telecommunication Union (ITU), Geneva, the ITU database, last accessed March 2023.",GHA,288
528,300,Greece,2020,Percentage of individuals using the internet,78.1,,"International Telecommunication Union (ITU), Geneva, the ITU database, last accessed March 2023.",GRC,300
539,308,Grenada,2020,Percentage of individuals using the internet,74.7,Estimate.,"International Telecommunication Union (ITU), Geneva, the ITU database, last accessed March 2023.",GRD,308
552,320,Guatemala,2020,Percentage of individuals using the internet,47.5,Estimate.,"International Telecommunication Union (ITU), Geneva, the ITU database, last accessed March 2023.",GTM,320
561,324,Guinea,2020,Percentage of individuals using the internet,28.8,Estimate.,"International Telecommunication Union (ITU), Geneva, the ITU database, last accessed March 2023.",GIN,324
568,624,Guinea-Bissau,2020,Percentage of individuals using the internet,27.9,Estimate.,"International Telecommunication Union (ITU), Geneva, the ITU database, last accessed March 2023.",GNB,624
575,328,Guyana,2020,Percentage of individuals using the internet,81.8,Estimate.,"International Telecommunication Union (ITU), Geneva, the ITU database, last accessed March 2023.",GUY,328
582,332,Haiti,2020,Percentage of individuals using the internet,36.4,Estimate.,"International Telecommunication Union (ITU), Geneva, the ITU database, last accessed March 2023.",HTI,332
589,340,Honduras,2020,Percentage of individuals using the internet,43.5,Estimate.,"International Telecommunication Union (ITU), Geneva, the ITU database, last accessed March 2023.",HND,340
596,348,Hungary,2020,Percentage of individuals using the internet,84.8,,"International Telecommunication Union (ITU), Geneva, the ITU database, last accessed March 2023.",HUN,348
603,352,Iceland,2020,Percentage of individuals using the internet,99.5,,"International Telecommunication Union (ITU), Geneva, the ITU database, last accessed March 2023.",ISL,352
610,356,India,2020,Percentage of individuals using the internet,43.4,,"International Telecommunication Union (ITU), Geneva, the ITU database, last accessed March 2023.",IND,356
617,360,Indonesia,2020,Percentage of individuals using the internet,53.7,,"International Telecommunication Union (ITU), Geneva, the ITU database, last accessed March 2023.",IDN,360
624,364,Iran (Islamic Republic of),2020,Percentage of individuals using the internet,75.6,Population aged 6 years and over.,"International Telecommunication Union (ITU), Geneva, the ITU database, last accessed March 2023.",IRN,364
630,368,Iraq,2020,Percentage of individuals using the internet,45.8,Estimate.,"International Telecommunication Union (ITU), Geneva, the ITU database, last accessed March 2023.",IRQ,368
637,372,Ireland,2020,Percentage of individuals using the internet,92.0,Population aged 16 to 74 years.,"International Telecommunication Union (ITU), Geneva, the ITU database, last accessed March 2023.",IRL,372
644,376,Israel,2020,Percentage of individuals using the internet,90.1,,"International Telecommunication Union (ITU), Geneva, the ITU database, last accessed March 2023.",ISR,376
651,380,Italy,2020,Percentage of individuals using the internet,70.5,,"International Telecommunication Union (ITU), Geneva, the ITU database, last accessed March 2023.",ITA,380
658,388,Jamaica,2020,Percentage of individuals using the internet,79.4,Estimate.,"International Telecommunication Union (ITU), Geneva, the ITU database, last accessed March 2023.",JAM,388
665,392,Japan,2020,Percentage of individuals using the internet,90.2,Estimate.;Users in the last 12 months.,"International Telecommunication Union (ITU), Geneva, the ITU database, last accessed March 2023.",JPN,392
674,400,Jordan,2020,Percentage of individuals using the internet,75.4,Estimate.,"International Telecommunication Union (ITU), Geneva, the ITU database, last accessed March 2023.",JOR,400
681,398,Kazakhstan,2020,Percentage of individuals using the internet,85.9,,"International Telecommunication Union (ITU), Geneva, the ITU database, last accessed March 2023.",KAZ,398
688,404,Kenya,2020,Percentage of individuals using the internet,25.5,Estimate.,"International Telecommunication Union (ITU), Geneva, the ITU database, last accessed March 2023.",KEN,404
695,296,Kiribati,2020,Percentage of individuals using the internet,45.1,Estimate.,"International Telecommunication Union (ITU), Geneva, the ITU database, last accessed March 2023.",KIR,296
702,414,Kuwait,2020,Percentage of individuals using the internet,99.1,,"International Telecommunication Union (ITU), Geneva, the ITU database, last accessed March 2023.",KWT,414
709,417,Kyrgyzstan,2020,Percentage of individuals using the internet,72.0,,"International Telecommunication Union (ITU), Geneva, the ITU database, last accessed March 2023.",KGZ,417
716,418,Lao People's Dem. Rep.,2020,Percentage of individuals using the internet,54.0,,"International Telecommunication Union (ITU), Geneva, the ITU database, last accessed March 2023.",LAO,418
723,428,Latvia,2020,Percentage of individuals using the internet,88.9,Users in the last 3 months.,"International Telecommunication Union (ITU), Geneva, the ITU database, last accessed March 2023.",LVA,428
730,422,Lebanon,2020,Percentage of individuals using the internet,83.1,Estimate.,"International Telecommunication Union (ITU), Geneva, the ITU database, last accessed March 2023.",LBN,422
737,426,Lesotho,2020,Percentage of individuals using the internet,42.9,Estimate.,"International Telecommunication Union (ITU), Geneva, the ITU database, last accessed March 2023.",LSO,426
743,430,Liberia,2020,Percentage of individuals using the internet,28.0,Estimate.,"International Telecommunication Union (ITU), Geneva, the ITU database, last accessed March 2023.",LBR,430
753,438,Liechtenstein,2020,Percentage of individuals using the internet,94.4,Estimate.,"International Telecommunication Union (ITU), Geneva, the ITU database, last accessed March 2023.",LIE,438
760,440,Lithuania,2020,Percentage of individuals using the internet,83.1,Population aged 16 to 74 years.,"International Telecommunication Union (ITU), Geneva, the ITU database, last accessed March 2023.",LTU,440
767,442,Luxembourg,2020,Percentage of individuals using the internet,98.8,,"International Telecommunication Union (ITU), Geneva, the ITU database, last accessed March 2023.",LUX,442
774,450,Madagascar,2020,Percentage of individuals using the internet,13.7,Estimate.,"International Telecommunication Union (ITU), Geneva, the ITU database, last accessed March 2023.",MDG,450
781,454,Malawi,2020,Percentage of individuals using the internet,18.9,Estimate.,"International Telecommunication Union (ITU), Geneva, the ITU database, last accessed March 2023.",MWI,454
788,458,Malaysia,2020,Percentage of individuals using the internet,89.6,,"International Telecommunication Union (ITU), Geneva, the ITU database, last accessed March 2023.",MYS,458
795,462,Maldives,2020,Percentage of individuals using the internet,77.6,Estimate.,"International Telecommunication Union (ITU), Geneva, the ITU database, last accessed March 2023.",MDV,462
802,466,Mali,2020,Percentage of individuals using the internet,27.9,Estimate.,"International Telecommunication Union (ITU), Geneva, the ITU database, last accessed March 2023.",MLI,466
809,470,Malta,2020,Percentage of individuals using the internet,86.9,,"International Telecommunication Union (ITU), Geneva, the ITU database, last accessed March 2023.",MLT,470
822,478,Mauritania,2020,Percentage of individuals using the internet,53.5,Estimate.,"International Telecommunication Union (ITU), Geneva, the ITU database, last accessed March 2023.",MRT,478
829,480,Mauritius,2020,Percentage of individuals using the internet,64.9,,"International Telecommunication Union (ITU), Geneva, the ITU database, last accessed March 2023.",MUS,480
837,484,Mexico,2020,Percentage of individuals using the internet,71.5,,"International Telecommunication Union (ITU), Geneva, the ITU database, last accessed March 2023.",MEX,484
844,492,Monaco,2020,Percentage of individuals using the internet,84.7,Estimate.,"International Telecommunication Union (ITU), Geneva, the ITU database, last accessed March 2023.",MCO,492
850,496,Mongolia,2020,Percentage of individuals using the internet,65.6,,"International Telecommunication Union (ITU), Geneva, the ITU database, last accessed March 2023.",MNG,496
856,499,Montenegro,2020,Percentage of individuals using the internet,77.6,,"International Telecommunication Union (ITU), Geneva, the ITU database, last accessed March 2023.",MNE,499
864,504,Morocco,2020,Percentage of individuals using the internet,84.1,,"International Telecommunication Union (ITU), Geneva, the ITU database, last accessed March 2023.",MAR,504
871,508,Mozambique,2020,Percentage of individuals using the internet,16.3,Estimate.,"International Telecommunication Union (ITU), Geneva, the ITU database, last accessed March 2023.",MOZ,508
877,104,Myanmar,2020,Percentage of individuals using the internet,42.0,Estimate.,"International Telecommunication Union (ITU), Geneva, the ITU database, last accessed March 2023.",MMR,104
884,516,Namibia,2020,Percentage of individuals using the internet,48.8,Estimate.,"International Telecommunication Union (ITU), Geneva, the ITU database, last accessed March 2023.",NAM,516
887,520,Nauru,2020,Percentage of individuals using the internet,76.7,Estimate.,"International Telecommunication Union (ITU), Geneva, the ITU database, last accessed March 2023.",NRU,520
894,524,Nepal,2020,Percentage of individuals using the internet,45.8,Estimate.,"International Telecommunication Union (ITU), Geneva, the ITU database, last accessed March 2023.",NPL,524
901,528,Netherlands (Kingdom of the),2020,Percentage of individuals using the internet,91.3,Users in the last 3 months.,"International Telecommunication Union (ITU), Geneva, the ITU database, last accessed March 2023.",NLD,528
912,554,New Zealand,2020,Percentage of individuals using the internet,92.9,Estimate.,"International Telecommunication Union (ITU), Geneva, the ITU database, last accessed March 2023.",NZL,554
919,558,Nicaragua,2020,Percentage of individuals using the internet,53.4,Estimate.,"International Telecommunication Union (ITU), Geneva, the ITU database, last accessed March 2023.",NIC,558
926,562,Niger,2020,Percentage of individuals using the internet,21.5,Estimate.,"International Telecommunication Union (ITU), Geneva, the ITU database, last accessed March 2023.",NER,562
933,566,Nigeria,2020,Percentage of individuals using the internet,51.5,Estimate.,"International Telecommunication Union (ITU), Geneva, the ITU database, last accessed March 2023.",NGA,566
943,807,North Macedonia,2020,Percentage of individuals using the internet,81.4,,"International Telecommunication Union (ITU), Geneva, the ITU database, last accessed March 2023.",MKD,807
950,578,Norway,2020,Percentage of individuals using the internet,97.0,Users in the last 3 months.;Population aged 16 to 79 years.,"International Telecommunication Union (ITU), Geneva, the ITU database, last accessed March 2023.",NOR,578
957,512,Oman,2020,Percentage of individuals using the internet,95.2,,"International Telecommunication Union (ITU), Geneva, the ITU database, last accessed March 2023.",OMN,512
963,586,Pakistan,2020,Percentage of individuals using the internet,18.9,Users in the last 3 months.,"International Telecommunication Union (ITU), Geneva, the ITU database, last accessed March 2023.",PAK,586
970,591,Panama,2020,Percentage of individuals using the internet,65.5,Estimate.,"International Telecommunication Union (ITU), Geneva, the ITU database, last accessed March 2023.",PAN,591
977,598,Papua New Guinea,2020,Percentage of individuals using the internet,27.7,Estimate.,"International Telecommunication Union (ITU), Geneva, the ITU database, last accessed March 2023.",PNG,598
984,600,Paraguay,2020,Percentage of individuals using the internet,74.0,,"International Telecommunication Union (ITU), Geneva, the ITU database, last accessed March 2023.",PRY,600
991,604,Peru,2020,Percentage of individuals using the internet,65.3,Population aged 14 years and over.;Users in the last month.,"International Telecommunication Union (ITU), Geneva, the ITU database, last accessed March 2023.",PER,604
998,608,Philippines,2020,Percentage of individuals using the internet,47.1,Estimate.,"International Telecommunication Union (ITU), Geneva, the ITU database, last accessed March 2023.",PHL,608
1005,616,Poland,2020,Percentage of individuals using the internet,83.2,Users in the last 3 months.;Population aged 16 to 74 years.,"International Telecommunication Union (ITU), Geneva, the ITU database, last accessed March 2023.",POL,616
1012,620,Portugal,2020,Percentage of individuals using the internet,78.3,,"International Telecommunication Union (ITU), Geneva, the ITU database, last accessed March 2023.",PRT,620
1024,634,Qatar,2020,Percentage of individuals using the internet,99.7,,"International Telecommunication Union (ITU), Geneva, the ITU database, last accessed March 2023.",QAT,634
1031,410,Republic of Korea,2020,Percentage of individuals using the internet,96.5,,"International Telecommunication Union (ITU), Geneva, the ITU database, last accessed March 2023.",KOR,410
1038,498,Republic of Moldova,2020,Percentage of individuals using the internet,59.2,Estimate.,"International Telecommunication Union (ITU), Geneva, the ITU database, last accessed March 2023.",MDA,498
1047,642,Romania,2020,Percentage of individuals using the internet,78.5,Population aged 16 to 74 years.,"International Telecommunication Union (ITU), Geneva, the ITU database, last accessed March 2023.",ROU,642
1054,643,Russian Federation,2020,Percentage of individuals using the internet,85.0,Users in the last 3 months.;Population aged 15 to 74 years.,"International Telecommunication Union (ITU), Geneva, the ITU database, last accessed March 2023.",RUS,643
1061,646,Rwanda,2020,Percentage of individuals using the internet,23.8,,"International Telecommunication Union (ITU), Geneva, the ITU database, last accessed March 2023.",RWA,646
1071,659,Saint Kitts and Nevis,2020,Percentage of individuals using the internet,80.4,Estimate.,"International Telecommunication Union (ITU), Geneva, the ITU database, last accessed March 2023.",KNA,659
1078,662,Saint Lucia,2020,Percentage of individuals using the internet,77.5,Estimate.,"International Telecommunication Union (ITU), Geneva, the ITU database, last accessed March 2023.",LCA,662
1085,670,Saint Vincent & Grenadines,2020,Percentage of individuals using the internet,80.4,Estimate.,"International Telecommunication Union (ITU), Geneva, the ITU database, last accessed March 2023.",VCT,670
1092,882,Samoa,2020,Percentage of individuals using the internet,69.2,Estimate.,"International Telecommunication Union (ITU), Geneva, the ITU database, last accessed March 2023.",WSM,882
1097,674,San Marino,2020,Percentage of individuals using the internet,70.5,Estimate.,"International Telecommunication Union (ITU), Geneva, the ITU database, last accessed March 2023.",SMR,674
1104,678,Sao Tome and Principe,2020,Percentage of individuals using the internet,40.3,Estimate.,"International Telecommunication Union (ITU), Geneva, the ITU database, last accessed March 2023.",STP,678
1111,682,Saudi Arabia,2020,Percentage of individuals using the internet,97.9,,"International Telecommunication Union (ITU), Geneva, the ITU database, last accessed March 2023.",SAU,682
1118,686,Senegal,2020,Percentage of individuals using the internet,47.2,Estimate.,"International Telecommunication Union (ITU), Geneva, the ITU database, last accessed March 2023.",SEN,686
1124,688,Serbia,2020,Percentage of individuals using the internet,78.4,,"International Telecommunication Union (ITU), Geneva, the ITU database, last accessed March 2023.",SRB,688
1131,690,Seychelles,2020,Percentage of individuals using the internet,75.5,Estimate.,"International Telecommunication Union (ITU), Geneva, the ITU database, last accessed March 2023.",SYC,690
1138,694,Sierra Leone,2020,Percentage of individuals using the internet,18.0,Estimate.,"International Telecommunication Union (ITU), Geneva, the ITU database, last accessed March 2023.",SLE,694
1144,702,Singapore,2020,Percentage of individuals using the internet,92.0,Break in the time series.;Population aged 16 to 74 years.,"International Telecommunication Union (ITU), Geneva, the ITU database, last accessed March 2023.",SGP,702
1151,703,Slovakia,2020,Percentage of individuals using the internet,89.9,Users in the last 3 months.,"International Telecommunication Union (ITU), Geneva, the ITU database, last accessed March 2023.",SVK,703
1158,705,Slovenia,2020,Percentage of individuals using the internet,86.6,Population aged 16 to 74 years.,"International Telecommunication Union (ITU), Geneva, the ITU database, last accessed March 2023.",SVN,705
1165,90,Solomon Islands,2020,Percentage of individuals using the internet,35.9,Estimate.,"International Telecommunication Union (ITU), Geneva, the ITU database, last accessed March 2023.",SLB,090
1175,710,South Africa,2020,Percentage of individuals using the internet,70.3,Estimate.,"International Telecommunication Union (ITU), Geneva, the ITU database, last accessed March 2023.",ZAF,710
1179,728,South Sudan,2020,Percentage of individuals using the internet,6.5,Estimate.,"International Telecommunication Union (ITU), Geneva, the ITU database, last accessed March 2023.",SSD,728
1185,724,Spain,2020,Percentage of individuals using the internet,93.2,Users in the last 3 months.;Population aged 16 to 74 years.,"International Telecommunication Union (ITU), Geneva, the ITU database, last accessed March 2023.",ESP,724
1191,144,Sri Lanka,2020,Percentage of individuals using the internet,59.2,,"International Telecommunication Union (ITU), Geneva, the ITU database, last accessed March 2023.",LKA,144
1201,729,Sudan,2020,Percentage of individuals using the internet,28.4,Estimate.,"International Telecommunication Union (ITU), Geneva, the ITU database, last accessed March 2023.",SDN,729
1207,740,Suriname,2020,Percentage of individuals using the internet,62.1,Estimate.,"International Telecommunication Union (ITU), Geneva, the ITU database, last accessed March 2023.",SUR,740
1214,752,Sweden,2020,Percentage of individuals using the internet,94.5,,"International Telecommunication Union (ITU), Geneva, the ITU database, last accessed March 2023.",SWE,752
1221,756,Switzerland,2020,Percentage of individuals using the internet,94.4,Estimate.,"International Telecommunication Union (ITU), Geneva, the ITU database, last accessed March 2023.",CHE,756
1228,760,Syrian Arab Republic,2020,Percentage of individuals using the internet,35.8,Estimate.,"International Telecommunication Union (ITU), Geneva, the ITU database, last accessed March 2023.",SYR,760
1238,764,Thailand,2020,Percentage of individuals using the internet,77.8,,"International Telecommunication Union (ITU), Geneva, the ITU database, last accessed March 2023.",THA,764
1244,626,Timor-Leste,2020,Percentage of individuals using the internet,34.1,Estimate.,"International Telecommunication Union (ITU), Geneva, the ITU database, last accessed March 2023.",TLS,626
1251,768,Togo,2020,Percentage of individuals using the internet,29.1,Estimate.,"International Telecommunication Union (ITU), Geneva, the ITU database, last accessed March 2023.",TGO,768
1258,776,Tonga,2020,Percentage of individuals using the internet,66.6,Estimate.,"International Telecommunication Union (ITU), Geneva, the ITU database, last accessed March 2023.",TON,776
1265,780,Trinidad and Tobago,2020,Percentage of individuals using the internet,78.7,Estimate.,"International Telecommunication Union (ITU), Geneva, the ITU database, last accessed March 2023.",TTO,780
1272,788,Tunisia,2020,Percentage of individuals using the internet,72.8,Estimate.,"International Telecommunication Union (ITU), Geneva, the ITU database, last accessed March 2023.",TUN,788
1279,792,Türkiye,2020,Percentage of individuals using the internet,77.7,Users in the last 3 months.,"International Telecommunication Union (ITU), Geneva, the ITU database, last accessed March 2023.",TUR,792
1295,800,Uganda,2020,Percentage of individuals using the internet,6.1,,"International Telecommunication Union (ITU), Geneva, the ITU database, last accessed March 2023.",UGA,800
1302,804,Ukraine,2020,Percentage of individuals using the internet,75.0,,"International Telecommunication Union (ITU), Geneva, the ITU database, last accessed March 2023.",UKR,804
1309,784,United Arab Emirates,2020,Percentage of individuals using the internet,100.0,,"International Telecommunication Union (ITU), Geneva, the ITU database, last accessed March 2023.",ARE,784
1316,826,United Kingdom,2020,Percentage of individuals using the internet,94.8,,"International Telecommunication Union (ITU), Geneva, the ITU database, last accessed March 2023.",GBR,826
1323,834,United Rep. of Tanzania,2020,Percentage of individuals using the internet,23.4,Estimate.,"International Telecommunication Union (ITU), Geneva, the ITU database, last accessed March 2023.",TZA,834
1330,840,United States of America,2020,Percentage of individuals using the internet,90.6,Estimate.,"International Telecommunication Union (ITU), Geneva, the ITU database, last accessed March 2023.",USA,840
1341,858,Uruguay,2020,Percentage of individuals using the internet,86.3,Estimate.,"International Telecommunication Union (ITU), Geneva, the ITU database, last accessed March 2023.",URY,858
1348,860,Uzbekistan,2020,Percentage of individuals using the internet,71.1,,"International Telecommunication Union (ITU), Geneva, the ITU database, last accessed March 2023.",UZB,860
1355,548,Vanuatu,2020,Percentage of individuals using the internet,53.3,Estimate.,"International Telecommunication Union (ITU), Geneva, the ITU database, last accessed March 2023.",VUT,548
1366,704,Viet Nam,2020,Percentage of individuals using the internet,70.3,,"International Telecommunication Union (ITU), Geneva, the ITU database, last accessed March 2023.",VNM,704
1380,894,Zambia,2020,Percentage of individuals using the internet,18.1,Estimate.,"International Telecommunication Union (ITU), Geneva, the ITU database, last accessed March 2023.",ZMB,894
1387,716,Zimbabwe,2020,Percentage of individuals using the internet,29.3,,"International Telecommunication Union (ITU), Geneva, the ITU database, last accessed March 2023.",ZWE,716
